<?xml version="1.0"?>
<!--
/**
 * Copyright © Magento, Inc. All rights reserved.
 * See COPYING.txt for license details.
 */
-->
<schema xmlns:xsi="http://www.w3.org/2001/XMLSchema-instance" xsi:noNamespaceSchemaLocation="urn:magento:framework:Setup/Declaration/Schema/etc/schema.xsd">
    <table name="quote" resource="checkout" engine="innodb" comment="Sales Flat Quote">
        <column xsi:type="decimal" name="store_to_base_rate" scale="10" precision="26" unsigned="false" nullable="true" default="0" comment="Store To Base Rate"/>
        <column xsi:type="decimal" name="store_to_quote_rate" scale="10" precision="26" unsigned="false" nullable="true" default="0" comment="Store To Quote Rate"/>
        <column xsi:type="varchar" name="base_currency_code" nullable="true" length="255" comment="Base Currency Code"/>
        <column xsi:type="varchar" name="store_currency_code" nullable="true" length="255" comment="Store Currency Code"/>
        <column xsi:type="varchar" name="quote_currency_code" nullable="true" length="255" comment="Quote Currency Code"/>
        <column xsi:type="decimal" name="grand_total" scale="10" precision="26" unsigned="false" nullable="true" default="0" comment="Grand Total"/>
        <column xsi:type="decimal" name="base_grand_total" scale="10" precision="26" unsigned="false" nullable="true" default="0" comment="Base Grand Total"/>
        <column xsi:type="varchar" name="global_currency_code" nullable="true" length="255" comment="Global Currency Code"/>
        <column xsi:type="decimal" name="base_to_global_rate" scale="10" precision="26" unsigned="false" nullable="true" comment="Base To Global Rate"/>
        <column xsi:type="decimal" name="base_to_quote_rate" scale="10" precision="26" unsigned="false" nullable="true" comment="Base To Quote Rate"/>
        <column xsi:type="decimal" name="subtotal" scale="10" precision="26" unsigned="false" nullable="true" comment="Subtotal"/>
        <column xsi:type="decimal" name="base_subtotal" scale="10" precision="26" unsigned="false" nullable="true" comment="Base Subtotal"/>
        <column xsi:type="decimal" name="subtotal_with_discount" scale="10" precision="26" unsigned="false" nullable="true" comment="Subtotal With Discount"/>
        <column xsi:type="decimal" name="base_subtotal_with_discount" scale="10" precision="26" unsigned="false" nullable="true" comment="Base Subtotal With Discount"/>
    </table>
    <table name="quote_address" resource="checkout" engine="innodb" comment="Sales Flat Quote Address">
        <column xsi:type="decimal" name="subtotal" scale="10" precision="26" unsigned="false" nullable="false" default="0" comment="Subtotal"/>
        <column xsi:type="decimal" name="base_subtotal" scale="10" precision="26" unsigned="false" nullable="false" default="0" comment="Base Subtotal"/>
        <column xsi:type="decimal" name="subtotal_with_discount" scale="10" precision="26" unsigned="false" nullable="false" default="0" comment="Subtotal With Discount"/>
        <column xsi:type="decimal" name="base_subtotal_with_discount" scale="10" precision="26" unsigned="false" nullable="false" default="0" comment="Base Subtotal With Discount"/>
        <column xsi:type="decimal" name="tax_amount" scale="10" precision="26" unsigned="false" nullable="false" default="0" comment="Tax Amount"/>
        <column xsi:type="decimal" name="base_tax_amount" scale="10" precision="26" unsigned="false" nullable="false" default="0" comment="Base Tax Amount"/>
        <column xsi:type="decimal" name="shipping_amount" scale="10" precision="26" unsigned="false" nullable="false" default="0" comment="Shipping Amount"/>
        <column xsi:type="decimal" name="base_shipping_amount" scale="10" precision="26" unsigned="false" nullable="false" default="0" comment="Base Shipping Amount"/>
        <column xsi:type="decimal" name="shipping_tax_amount" scale="10" precision="26" unsigned="false" nullable="true" comment="Shipping Tax Amount"/>
        <column xsi:type="decimal" name="base_shipping_tax_amount" scale="10" precision="26" unsigned="false" nullable="true" comment="Base Shipping Tax Amount"/>
        <column xsi:type="decimal" name="discount_amount" scale="10" precision="26" unsigned="false" nullable="false" default="0" comment="Discount Amount"/>
        <column xsi:type="decimal" name="base_discount_amount" scale="10" precision="26" unsigned="false" nullable="false" default="0" comment="Base Discount Amount"/>
        <column xsi:type="decimal" name="grand_total" scale="10" precision="26" unsigned="false" nullable="false" default="0" comment="Grand Total"/>
        <column xsi:type="decimal" name="base_grand_total" scale="10" precision="26" unsigned="false" nullable="false" default="0" comment="Base Grand Total"/>
        <column xsi:type="decimal" name="shipping_discount_amount" scale="10" precision="26" unsigned="false" nullable="true" comment="Shipping Discount Amount"/>
        <column xsi:type="decimal" name="base_shipping_discount_amount" scale="10" precision="26" unsigned="false" nullable="true" comment="Base Shipping Discount Amount"/>
        <column xsi:type="decimal" name="subtotal_incl_tax" scale="10" precision="26" unsigned="false" nullable="true" comment="Subtotal Incl Tax"/>
        <column xsi:type="decimal" name="base_subtotal_total_incl_tax" scale="10" precision="26" unsigned="false" nullable="true" comment="Base Subtotal Total Incl Tax"/>
        <column xsi:type="decimal" name="discount_tax_compensation_amount" scale="10" precision="26" unsigned="false" nullable="true" comment="Discount Tax Compensation Amount"/>
        <column xsi:type="decimal" name="base_discount_tax_compensation_amount" scale="10" precision="26" unsigned="false" nullable="true" comment="Base Discount Tax Compensation Amount"/>
        <column xsi:type="decimal" name="shipping_discount_tax_compensation_amount" scale="10" precision="26" unsigned="false" nullable="true" comment="Shipping Discount Tax Compensation Amount"/>
        <column xsi:type="decimal" name="base_shipping_discount_tax_compensation_amnt" scale="10" precision="26" unsigned="false" nullable="true" comment="Base Shipping Discount Tax Compensation Amount"/>
        <column xsi:type="decimal" name="shipping_incl_tax" scale="10" precision="26" unsigned="false" nullable="true" comment="Shipping Incl Tax"/>
        <column xsi:type="decimal" name="base_shipping_incl_tax" scale="10" precision="26" unsigned="false" nullable="true" comment="Base Shipping Incl Tax"/>
    </table>

    <table name="quote_address_item" resource="checkout" engine="innodb" comment="Sales Flat Quote Address Item">
        <column xsi:type="decimal" name="discount_amount" scale="10" precision="26" unsigned="false" nullable="true" default="0" comment="Discount Amount"/>
        <column xsi:type="decimal" name="tax_amount" scale="10" precision="26" unsigned="false" nullable="true" default="0" comment="Tax Amount"/>
        <column xsi:type="decimal" name="row_total" scale="10" precision="26" unsigned="false" nullable="false" default="0" comment="Row Total"/>
        <column xsi:type="decimal" name="base_row_total" scale="10" precision="26" unsigned="false" nullable="false" default="0" comment="Base Row Total"/>
        <column xsi:type="decimal" name="row_total_with_discount" scale="10" precision="26" unsigned="false" nullable="true" default="0" comment="Row Total With Discount"/>
        <column xsi:type="decimal" name="base_discount_amount" scale="10" precision="26" unsigned="false" nullable="true" default="0" comment="Base Discount Amount"/>
        <column xsi:type="decimal" name="base_tax_amount" scale="10" precision="26" unsigned="false" nullable="true" default="0" comment="Base Tax Amount"/>
        <column xsi:type="decimal" name="price" scale="10" precision="26" unsigned="false" nullable="true" comment="Price"/>
        <column xsi:type="decimal" name="discount_percent" scale="10" precision="26" unsigned="false" nullable="true" comment="Discount Percent"/>
        <column xsi:type="decimal" name="tax_percent" scale="10" precision="26" unsigned="false" nullable="true" comment="Tax Percent"/>
        <column xsi:type="decimal" name="base_price" scale="10" precision="26" unsigned="false" nullable="true" comment="Base Price"/>
        <column xsi:type="decimal" name="base_cost" scale="10" precision="26" unsigned="false" nullable="true" comment="Base Cost"/>
        <column xsi:type="decimal" name="price_incl_tax" scale="10" precision="26" unsigned="false" nullable="true" comment="Price Incl Tax"/>
        <column xsi:type="decimal" name="base_price_incl_tax" scale="10" precision="26" unsigned="false" nullable="true" comment="Base Price Incl Tax"/>
        <column xsi:type="decimal" name="row_total_incl_tax" scale="10" precision="26" unsigned="false" nullable="true" comment="Row Total Incl Tax"/>
        <column xsi:type="decimal" name="base_row_total_incl_tax" scale="10" precision="26" unsigned="false" nullable="true" comment="Base Row Total Incl Tax"/>
        <column xsi:type="decimal" name="discount_tax_compensation_amount" scale="10" precision="26" unsigned="false" nullable="true" comment="Discount Tax Compensation Amount"/>
        <column xsi:type="decimal" name="base_discount_tax_compensation_amount" scale="10" precision="26" unsigned="false" nullable="true" comment="Base Discount Tax Compensation Amount"/>
    </table>
    <table name="quote_item" resource="checkout" engine="innodb" comment="Sales Flat Quote Item">
        <column xsi:type="decimal" name="price" scale="10" precision="26" unsigned="false" nullable="false" default="0" comment="Price"/>
        <column xsi:type="decimal" name="base_price" scale="10" precision="26" unsigned="false" nullable="false" default="0" comment="Base Price"/>
        <column xsi:type="decimal" name="custom_price" scale="10" precision="26" unsigned="false" nullable="true" comment="Custom Price"/>
        <column xsi:type="decimal" name="discount_percent" scale="10" precision="26" unsigned="false" nullable="true" default="0" comment="Discount Percent"/>
        <column xsi:type="decimal" name="discount_amount" scale="10" precision="26" unsigned="false" nullable="true" default="0" comment="Discount Amount"/>
        <column xsi:type="decimal" name="base_discount_amount" scale="10" precision="26" unsigned="false" nullable="true" default="0" comment="Base Discount Amount"/>
        <column xsi:type="decimal" name="tax_percent" scale="10" precision="26" unsigned="false" nullable="true" default="0" comment="Tax Percent"/>
        <column xsi:type="decimal" name="tax_amount" scale="10" precision="26" unsigned="false" nullable="true" default="0" comment="Tax Amount"/>
        <column xsi:type="decimal" name="base_tax_amount" scale="10" precision="26" unsigned="false" nullable="true" default="0" comment="Base Tax Amount"/>
        <column xsi:type="decimal" name="row_total" scale="10" precision="26" unsigned="false" nullable="false" default="0" comment="Row Total"/>
        <column xsi:type="decimal" name="base_row_total" scale="10" precision="26" unsigned="false" nullable="false" default="0" comment="Base Row Total"/>
        <column xsi:type="decimal" name="row_total_with_discount" scale="10" precision="26" unsigned="false" nullable="true" default="0" comment="Row Total With Discount"/>
        <column xsi:type="decimal" name="base_tax_before_discount" scale="10" precision="26" unsigned="false" nullable="true" comment="Base Tax Before Discount"/>
        <column xsi:type="decimal" name="tax_before_discount" scale="10" precision="26" unsigned="false" nullable="true" comment="Tax Before Discount"/>
        <column xsi:type="decimal" name="original_custom_price" scale="10" precision="26" unsigned="false" nullable="true" comment="Original Custom Price"/>
        <column xsi:type="decimal" name="base_cost" scale="10" precision="26" unsigned="false" nullable="true" comment="Base Cost"/>
        <column xsi:type="decimal" name="price_incl_tax" scale="10" precision="26" unsigned="false" nullable="true" comment="Price Incl Tax"/>
        <column xsi:type="decimal" name="base_price_incl_tax" scale="10" precision="26" unsigned="false" nullable="true" comment="Base Price Incl Tax"/>
        <column xsi:type="decimal" name="row_total_incl_tax" scale="10" precision="26" unsigned="false" nullable="true" comment="Row Total Incl Tax"/>
        <column xsi:type="decimal" name="base_row_total_incl_tax" scale="10" precision="26" unsigned="false" nullable="true" comment="Base Row Total Incl Tax"/>
        <column xsi:type="decimal" name="discount_tax_compensation_amount" scale="10" precision="26" unsigned="false" nullable="true" comment="Discount Tax Compensation Amount"/>
        <column xsi:type="decimal" name="base_discount_tax_compensation_amount" scale="10" precision="26" unsigned="false" nullable="true" comment="Base Discount Tax Compensation Amount"/>
    </table>
    <table name="quote_shipping_rate" resource="checkout" engine="innodb" comment="Sales Flat Quote Shipping Rate">
        <column xsi:type="decimal" name="price" scale="10" precision="26" unsigned="false" nullable="false" default="0" comment="Price"/>
    </table>
    <table name="sales_order" resource="sales" engine="innodb" comment="Sales Flat Order">
        <column xsi:type="decimal" name="base_discount_amount" scale="10" precision="26" unsigned="false" nullable="true" comment="Base Discount Amount"/>
        <column xsi:type="decimal" name="base_discount_canceled" scale="10" precision="26" unsigned="false" nullable="true" comment="Base Discount Canceled"/>
        <column xsi:type="decimal" name="base_discount_invoiced" scale="10" precision="26" unsigned="false" nullable="true" comment="Base Discount Invoiced"/>
        <column xsi:type="decimal" name="base_discount_refunded" scale="10" precision="26" unsigned="false" nullable="true" comment="Base Discount Refunded"/>
        <column xsi:type="decimal" name="base_grand_total" scale="10" precision="26" unsigned="false" nullable="true" comment="Base Grand Total"/>
        <column xsi:type="decimal" name="base_shipping_amount" scale="10" precision="26" unsigned="false" nullable="true" comment="Base Shipping Amount"/>
        <column xsi:type="decimal" name="base_shipping_canceled" scale="10" precision="26" unsigned="false" nullable="true" comment="Base Shipping Canceled"/>
        <column xsi:type="decimal" name="base_shipping_invoiced" scale="10" precision="26" unsigned="false" nullable="true" comment="Base Shipping Invoiced"/>
        <column xsi:type="decimal" name="base_shipping_refunded" scale="10" precision="26" unsigned="false" nullable="true" comment="Base Shipping Refunded"/>
        <column xsi:type="decimal" name="base_shipping_tax_amount" scale="10" precision="26" unsigned="false" nullable="true" comment="Base Shipping Tax Amount"/>
        <column xsi:type="decimal" name="base_shipping_tax_refunded" scale="10" precision="26" unsigned="false" nullable="true" comment="Base Shipping Tax Refunded"/>
        <column xsi:type="decimal" name="base_subtotal" scale="10" precision="26" unsigned="false" nullable="true" comment="Base Subtotal"/>
        <column xsi:type="decimal" name="base_subtotal_canceled" scale="10" precision="26" unsigned="false" nullable="true" comment="Base Subtotal Canceled"/>
        <column xsi:type="decimal" name="base_subtotal_invoiced" scale="10" precision="26" unsigned="false" nullable="true" comment="Base Subtotal Invoiced"/>
        <column xsi:type="decimal" name="base_subtotal_refunded" scale="10" precision="26" unsigned="false" nullable="true" comment="Base Subtotal Refunded"/>
        <column xsi:type="decimal" name="base_tax_amount" scale="10" precision="26" unsigned="false" nullable="true" comment="Base Tax Amount"/>
        <column xsi:type="decimal" name="base_tax_canceled" scale="10" precision="26" unsigned="false" nullable="true" comment="Base Tax Canceled"/>
        <column xsi:type="decimal" name="base_tax_invoiced" scale="10" precision="26" unsigned="false" nullable="true" comment="Base Tax Invoiced"/>
        <column xsi:type="decimal" name="base_tax_refunded" scale="10" precision="26" unsigned="false" nullable="true" comment="Base Tax Refunded"/>
        <column xsi:type="decimal" name="base_to_global_rate" scale="10" precision="26" unsigned="false" nullable="true" comment="Base To Global Rate"/>
        <column xsi:type="decimal" name="base_to_order_rate" scale="10" precision="26" unsigned="false" nullable="true" comment="Base To Order Rate"/>
        <column xsi:type="decimal" name="base_total_canceled" scale="10" precision="26" unsigned="false" nullable="true" comment="Base Total Canceled"/>
        <column xsi:type="decimal" name="base_total_invoiced" scale="10" precision="26" unsigned="false" nullable="true" comment="Base Total Invoiced"/>
        <column xsi:type="decimal" name="base_total_invoiced_cost" scale="10" precision="26" unsigned="false" nullable="true" comment="Base Total Invoiced Cost"/>
        <column xsi:type="decimal" name="base_total_offline_refunded" scale="10" precision="26" unsigned="false" nullable="true" comment="Base Total Offline Refunded"/>
        <column xsi:type="decimal" name="base_total_online_refunded" scale="10" precision="26" unsigned="false" nullable="true" comment="Base Total Online Refunded"/>
        <column xsi:type="decimal" name="base_total_paid" scale="10" precision="26" unsigned="false" nullable="true" comment="Base Total Paid"/>
        <column xsi:type="decimal" name="base_total_refunded" scale="10" precision="26" unsigned="false" nullable="true" comment="Base Total Refunded"/>
        <column xsi:type="decimal" name="discount_amount" scale="10" precision="26" unsigned="false" nullable="true" comment="Discount Amount"/>
        <column xsi:type="decimal" name="discount_canceled" scale="10" precision="26" unsigned="false" nullable="true" comment="Discount Canceled"/>
        <column xsi:type="decimal" name="discount_invoiced" scale="10" precision="26" unsigned="false" nullable="true" comment="Discount Invoiced"/>
        <column xsi:type="decimal" name="discount_refunded" scale="10" precision="26" unsigned="false" nullable="true" comment="Discount Refunded"/>
        <column xsi:type="decimal" name="grand_total" scale="10" precision="26" unsigned="false" nullable="true" comment="Grand Total"/>
        <column xsi:type="decimal" name="shipping_amount" scale="10" precision="26" unsigned="false" nullable="true" comment="Shipping Amount"/>
        <column xsi:type="decimal" name="shipping_canceled" scale="10" precision="26" unsigned="false" nullable="true" comment="Shipping Canceled"/>
        <column xsi:type="decimal" name="shipping_invoiced" scale="10" precision="26" unsigned="false" nullable="true" comment="Shipping Invoiced"/>
        <column xsi:type="decimal" name="shipping_refunded" scale="10" precision="26" unsigned="false" nullable="true" comment="Shipping Refunded"/>
        <column xsi:type="decimal" name="shipping_tax_amount" scale="10" precision="26" unsigned="false" nullable="true" comment="Shipping Tax Amount"/>
        <column xsi:type="decimal" name="shipping_tax_refunded" scale="10" precision="26" unsigned="false" nullable="true" comment="Shipping Tax Refunded"/>
        <column xsi:type="decimal" name="store_to_base_rate" scale="10" precision="26" unsigned="false" nullable="true" comment="Store To Base Rate"/>
        <column xsi:type="decimal" name="store_to_order_rate" scale="10" precision="26" unsigned="false" nullable="true" comment="Store To Order Rate"/>
        <column xsi:type="decimal" name="subtotal" scale="10" precision="26" unsigned="false" nullable="true" comment="Subtotal"/>
        <column xsi:type="decimal" name="subtotal_canceled" scale="10" precision="26" unsigned="false" nullable="true" comment="Subtotal Canceled"/>
        <column xsi:type="decimal" name="subtotal_invoiced" scale="10" precision="26" unsigned="false" nullable="true" comment="Subtotal Invoiced"/>
        <column xsi:type="decimal" name="subtotal_refunded" scale="10" precision="26" unsigned="false" nullable="true" comment="Subtotal Refunded"/>
        <column xsi:type="decimal" name="tax_amount" scale="10" precision="26" unsigned="false" nullable="true" comment="Tax Amount"/>
        <column xsi:type="decimal" name="tax_canceled" scale="10" precision="26" unsigned="false" nullable="true" comment="Tax Canceled"/>
        <column xsi:type="decimal" name="tax_invoiced" scale="10" precision="26" unsigned="false" nullable="true" comment="Tax Invoiced"/>
        <column xsi:type="decimal" name="tax_refunded" scale="10" precision="26" unsigned="false" nullable="true" comment="Tax Refunded"/>
        <column xsi:type="decimal" name="total_canceled" scale="10" precision="26" unsigned="false" nullable="true" comment="Total Canceled"/>
        <column xsi:type="decimal" name="total_invoiced" scale="10" precision="26" unsigned="false" nullable="true" comment="Total Invoiced"/>
        <column xsi:type="decimal" name="total_offline_refunded" scale="10" precision="26" unsigned="false" nullable="true" comment="Total Offline Refunded"/>
        <column xsi:type="decimal" name="total_online_refunded" scale="10" precision="26" unsigned="false" nullable="true" comment="Total Online Refunded"/>
        <column xsi:type="decimal" name="total_paid" scale="10" precision="26" unsigned="false" nullable="true" comment="Total Paid"/>
        <column xsi:type="decimal" name="total_refunded" scale="10" precision="26" unsigned="false" nullable="true" comment="Total Refunded"/>
        <column xsi:type="decimal" name="adjustment_negative" scale="10" precision="26" unsigned="false" nullable="true" comment="Adjustment Negative"/>
        <column xsi:type="decimal" name="adjustment_positive" scale="10" precision="26" unsigned="false" nullable="true" comment="Adjustment Positive"/>
        <column xsi:type="decimal" name="base_adjustment_negative" scale="10" precision="26" unsigned="false" nullable="true" comment="Base Adjustment Negative"/>
        <column xsi:type="decimal" name="base_adjustment_positive" scale="10" precision="26" unsigned="false" nullable="true" comment="Base Adjustment Positive"/>
        <column xsi:type="decimal" name="base_shipping_discount_amount" scale="10" precision="26" unsigned="false" nullable="true" comment="Base Shipping Discount Amount"/>
        <column xsi:type="decimal" name="base_subtotal_incl_tax" scale="10" precision="26" unsigned="false" nullable="true" comment="Base Subtotal Incl Tax"/>
        <column xsi:type="decimal" name="base_total_due" scale="10" precision="26" unsigned="false" nullable="true" comment="Base Total Due"/>
        <column xsi:type="decimal" name="payment_authorization_amount" scale="10" precision="26" unsigned="false" nullable="true" comment="Payment Authorization Amount"/>
        <column xsi:type="decimal" name="shipping_discount_amount" scale="10" precision="26" unsigned="false" nullable="true" comment="Shipping Discount Amount"/>
        <column xsi:type="decimal" name="subtotal_incl_tax" scale="10" precision="26" unsigned="false" nullable="true" comment="Subtotal Incl Tax"/>
        <column xsi:type="decimal" name="total_due" scale="10" precision="26" unsigned="false" nullable="true" comment="Total Due"/>
        <column xsi:type="varchar" name="base_currency_code" nullable="true" length="3" comment="Base Currency Code"/>
        <column xsi:type="varchar" name="global_currency_code" nullable="true" length="3" comment="Global Currency Code"/>
        <column xsi:type="varchar" name="order_currency_code" nullable="true" length="3" comment="Order Currency Code"/>
        <column xsi:type="varchar" name="store_currency_code" nullable="true" length="3" comment="Store Currency Code"/>
        <column xsi:type="decimal" name="discount_tax_compensation_amount" scale="10" precision="26" unsigned="false" nullable="true" comment="Discount Tax Compensation Amount"/>
        <column xsi:type="decimal" name="base_discount_tax_compensation_amount" scale="10" precision="26" unsigned="false" nullable="true" comment="Base Discount Tax Compensation Amount"/>
        <column xsi:type="decimal" name="shipping_discount_tax_compensation_amount" scale="10" precision="26" unsigned="false" nullable="true" comment="Shipping Discount Tax Compensation Amount"/>
        <column xsi:type="decimal" name="base_shipping_discount_tax_compensation_amnt" scale="10" precision="26" unsigned="false" nullable="true" comment="Base Shipping Discount Tax Compensation Amount"/>
        <column xsi:type="decimal" name="discount_tax_compensation_invoiced" scale="10" precision="26" unsigned="false" nullable="true" comment="Discount Tax Compensation Invoiced"/>
        <column xsi:type="decimal" name="base_discount_tax_compensation_invoiced" scale="10" precision="26" unsigned="false" nullable="true" comment="Base Discount Tax Compensation Invoiced"/>
        <column xsi:type="decimal" name="discount_tax_compensation_refunded" scale="10" precision="26" unsigned="false" nullable="true" comment="Discount Tax Compensation Refunded"/>
        <column xsi:type="decimal" name="base_discount_tax_compensation_refunded" scale="10" precision="26" unsigned="false" nullable="true" comment="Base Discount Tax Compensation Refunded"/>
        <column xsi:type="decimal" name="shipping_incl_tax" scale="10" precision="26" unsigned="false" nullable="true" comment="Shipping Incl Tax"/>
        <column xsi:type="decimal" name="base_shipping_incl_tax" scale="10" precision="26" unsigned="false" nullable="true" comment="Base Shipping Incl Tax"/>
    </table>
    <table name="sales_order_grid" resource="sales" engine="innodb" comment="Sales Flat Order Grid">
        <column xsi:type="decimal" name="base_grand_total" scale="10" precision="26" unsigned="false" nullable="true" comment="Base Grand Total"/>
        <column xsi:type="decimal" name="base_total_paid" scale="10" precision="26" unsigned="false" nullable="true" comment="Base Total Paid"/>
        <column xsi:type="decimal" name="grand_total" scale="10" precision="26" unsigned="false" nullable="true" comment="Grand Total"/>
        <column xsi:type="decimal" name="total_paid" scale="10" precision="26" unsigned="false" nullable="true" comment="Total Paid"/>
        <column xsi:type="varchar" name="base_currency_code" nullable="true" length="3" comment="Base Currency Code"/>
        <column xsi:type="varchar" name="order_currency_code" nullable="true" length="255" comment="Order Currency Code"/>
        <column xsi:type="decimal" name="subtotal" scale="10" precision="26" unsigned="false" nullable="true" comment="Subtotal"/>
        <column xsi:type="decimal" name="shipping_and_handling" scale="10" precision="26" unsigned="false" nullable="true" comment="Shipping and handling amount"/>
        <column xsi:type="decimal" name="total_refunded" scale="10" precision="26" unsigned="false" nullable="true" comment="Total Refunded"/>
    </table>
    <table name="sales_order_item" resource="sales" engine="innodb" comment="Sales Flat Order Item">
        <column xsi:type="decimal" name="base_cost" scale="10" precision="26" unsigned="false" nullable="true" default="0" comment="Base Cost"/>
        <column xsi:type="decimal" name="price" scale="10" precision="26" unsigned="false" nullable="false" default="0" comment="Price"/>
        <column xsi:type="decimal" name="base_price" scale="10" precision="26" unsigned="false" nullable="false" default="0" comment="Base Price"/>
        <column xsi:type="decimal" name="original_price" scale="10" precision="26" unsigned="false" nullable="true" comment="Original Price"/>
        <column xsi:type="decimal" name="base_original_price" scale="10" precision="26" unsigned="false" nullable="true" comment="Base Original Price"/>
        <column xsi:type="decimal" name="tax_percent" scale="10" precision="26" unsigned="false" nullable="true" default="0" comment="Tax Percent"/>
        <column xsi:type="decimal" name="tax_amount" scale="10" precision="26" unsigned="false" nullable="true" default="0" comment="Tax Amount"/>
        <column xsi:type="decimal" name="base_tax_amount" scale="10" precision="26" unsigned="false" nullable="true" default="0" comment="Base Tax Amount"/>
        <column xsi:type="decimal" name="tax_invoiced" scale="10" precision="26" unsigned="false" nullable="true" default="0" comment="Tax Invoiced"/>
        <column xsi:type="decimal" name="base_tax_invoiced" scale="10" precision="26" unsigned="false" nullable="true" default="0" comment="Base Tax Invoiced"/>
        <column xsi:type="decimal" name="discount_percent" scale="10" precision="26" unsigned="false" nullable="true" default="0" comment="Discount Percent"/>
        <column xsi:type="decimal" name="discount_amount" scale="10" precision="26" unsigned="false" nullable="true" default="0" comment="Discount Amount"/>
        <column xsi:type="decimal" name="base_discount_amount" scale="10" precision="26" unsigned="false" nullable="true" default="0" comment="Base Discount Amount"/>
        <column xsi:type="decimal" name="discount_invoiced" scale="10" precision="26" unsigned="false" nullable="true" default="0" comment="Discount Invoiced"/>
        <column xsi:type="decimal" name="base_discount_invoiced" scale="10" precision="26" unsigned="false" nullable="true" default="0" comment="Base Discount Invoiced"/>
        <column xsi:type="decimal" name="amount_refunded" scale="10" precision="26" unsigned="false" nullable="true" default="0" comment="Amount Refunded"/>
        <column xsi:type="decimal" name="base_amount_refunded" scale="10" precision="26" unsigned="false" nullable="true" default="0" comment="Base Amount Refunded"/>
        <column xsi:type="decimal" name="row_total" scale="10" precision="26" unsigned="false" nullable="false" default="0" comment="Row Total"/>
        <column xsi:type="decimal" name="base_row_total" scale="10" precision="26" unsigned="false" nullable="false" default="0" comment="Base Row Total"/>
        <column xsi:type="decimal" name="row_invoiced" scale="10" precision="26" unsigned="false" nullable="false" default="0" comment="Row Invoiced"/>
        <column xsi:type="decimal" name="base_row_invoiced" scale="10" precision="26" unsigned="false" nullable="false" default="0" comment="Base Row Invoiced"/>
        <column xsi:type="decimal" name="base_tax_before_discount" scale="10" precision="26" unsigned="false" nullable="true" comment="Base Tax Before Discount"/>
        <column xsi:type="decimal" name="tax_before_discount" scale="10" precision="26" unsigned="false" nullable="true" comment="Tax Before Discount"/>
        <column xsi:type="decimal" name="price_incl_tax" scale="10" precision="26" unsigned="false" nullable="true" comment="Price Incl Tax"/>
        <column xsi:type="decimal" name="base_price_incl_tax" scale="10" precision="26" unsigned="false" nullable="true" comment="Base Price Incl Tax"/>
        <column xsi:type="decimal" name="row_total_incl_tax" scale="10" precision="26" unsigned="false" nullable="true" comment="Row Total Incl Tax"/>
        <column xsi:type="decimal" name="base_row_total_incl_tax" scale="10" precision="26" unsigned="false" nullable="true" comment="Base Row Total Incl Tax"/>
        <column xsi:type="decimal" name="discount_tax_compensation_amount" scale="10" precision="26" unsigned="false" nullable="true" comment="Discount Tax Compensation Amount"/>
        <column xsi:type="decimal" name="base_discount_tax_compensation_amount" scale="10" precision="26" unsigned="false" nullable="true" comment="Base Discount Tax Compensation Amount"/>
        <column xsi:type="decimal" name="discount_tax_compensation_invoiced" scale="10" precision="26" unsigned="false" nullable="true" comment="Discount Tax Compensation Invoiced"/>
        <column xsi:type="decimal" name="base_discount_tax_compensation_invoiced" scale="10" precision="26" unsigned="false" nullable="true" comment="Base Discount Tax Compensation Invoiced"/>
        <column xsi:type="decimal" name="discount_tax_compensation_refunded" scale="10" precision="26" unsigned="false" nullable="true" comment="Discount Tax Compensation Refunded"/>
        <column xsi:type="decimal" name="base_discount_tax_compensation_refunded" scale="10" precision="26" unsigned="false" nullable="true" comment="Base Discount Tax Compensation Refunded"/>
        <column xsi:type="decimal" name="tax_canceled" scale="10" precision="26" unsigned="false" nullable="true" comment="Tax Canceled"/>
        <column xsi:type="decimal" name="discount_tax_compensation_canceled" scale="10" precision="26" unsigned="false" nullable="true" comment="Discount Tax Compensation Canceled"/>
        <column xsi:type="decimal" name="tax_refunded" scale="10" precision="26" unsigned="false" nullable="true" comment="Tax Refunded"/>
        <column xsi:type="decimal" name="base_tax_refunded" scale="10" precision="26" unsigned="false" nullable="true" comment="Base Tax Refunded"/>
        <column xsi:type="decimal" name="discount_refunded" scale="10" precision="26" unsigned="false" nullable="true" comment="Discount Refunded"/>
        <column xsi:type="decimal" name="base_discount_refunded" scale="10" precision="26" unsigned="false" nullable="true" comment="Base Discount Refunded"/>
    </table>
    <table name="sales_order_payment" resource="sales" engine="innodb" comment="Sales Flat Order Payment">
        <column xsi:type="decimal" name="base_shipping_captured" scale="10" precision="26" unsigned="false" nullable="true" comment="Base Shipping Captured"/>
        <column xsi:type="decimal" name="shipping_captured" scale="10" precision="26" unsigned="false" nullable="true" comment="Shipping Captured"/>
        <column xsi:type="decimal" name="amount_refunded" scale="10" precision="26" unsigned="false" nullable="true" comment="Amount Refunded"/>
        <column xsi:type="decimal" name="base_amount_paid" scale="10" precision="26" unsigned="false" nullable="true" comment="Base Amount Paid"/>
        <column xsi:type="decimal" name="amount_canceled" scale="10" precision="26" unsigned="false" nullable="true" comment="Amount Canceled"/>
        <column xsi:type="decimal" name="base_amount_authorized" scale="10" precision="26" unsigned="false" nullable="true" comment="Base Amount Authorized"/>
        <column xsi:type="decimal" name="base_amount_paid_online" scale="10" precision="26" unsigned="false" nullable="true" comment="Base Amount Paid Online"/>
        <column xsi:type="decimal" name="base_amount_refunded_online" scale="10" precision="26" unsigned="false" nullable="true" comment="Base Amount Refunded Online"/>
        <column xsi:type="decimal" name="base_shipping_amount" scale="10" precision="26" unsigned="false" nullable="true" comment="Base Shipping Amount"/>
        <column xsi:type="decimal" name="shipping_amount" scale="10" precision="26" unsigned="false" nullable="true" comment="Shipping Amount"/>
        <column xsi:type="decimal" name="amount_paid" scale="10" precision="26" unsigned="false" nullable="true" comment="Amount Paid"/>
        <column xsi:type="decimal" name="amount_authorized" scale="10" precision="26" unsigned="false" nullable="true" comment="Amount Authorized"/>
        <column xsi:type="decimal" name="base_amount_ordered" scale="10" precision="26" unsigned="false" nullable="true" comment="Base Amount Ordered"/>
        <column xsi:type="decimal" name="base_shipping_refunded" scale="10" precision="26" unsigned="false" nullable="true" comment="Base Shipping Refunded"/>
        <column xsi:type="decimal" name="shipping_refunded" scale="10" precision="26" unsigned="false" nullable="true" comment="Shipping Refunded"/>
        <column xsi:type="decimal" name="base_amount_refunded" scale="10" precision="26" unsigned="false" nullable="true" comment="Base Amount Refunded"/>
        <column xsi:type="decimal" name="amount_ordered" scale="10" precision="26" unsigned="false" nullable="true" comment="Amount Ordered"/>
        <column xsi:type="decimal" name="base_amount_canceled" scale="10" precision="26" unsigned="false" nullable="true" comment="Base Amount Canceled"/>
    </table>
    <table name="sales_shipment_item" resource="sales" engine="innodb" comment="Sales Flat Shipment Item">
        <column xsi:type="decimal" name="row_total" scale="10" precision="26" unsigned="false" nullable="true" comment="Row Total"/>
        <column xsi:type="decimal" name="price" scale="10" precision="26" unsigned="false" nullable="true" comment="Price"/>
    </table>
    <table name="sales_invoice" resource="sales" engine="innodb" comment="Sales Flat Invoice">
        <column xsi:type="decimal" name="base_grand_total" scale="10" precision="26" unsigned="false" nullable="true" comment="Base Grand Total"/>
        <column xsi:type="decimal" name="shipping_tax_amount" scale="10" precision="26" unsigned="false" nullable="true" comment="Shipping Tax Amount"/>
        <column xsi:type="decimal" name="tax_amount" scale="10" precision="26" unsigned="false" nullable="true" comment="Tax Amount"/>
        <column xsi:type="decimal" name="base_tax_amount" scale="10" precision="26" unsigned="false" nullable="true" comment="Base Tax Amount"/>
        <column xsi:type="decimal" name="store_to_order_rate" scale="10" precision="26" unsigned="false" nullable="true" comment="Store To Order Rate"/>
        <column xsi:type="decimal" name="base_shipping_tax_amount" scale="10" precision="26" unsigned="false" nullable="true" comment="Base Shipping Tax Amount"/>
        <column xsi:type="decimal" name="base_discount_amount" scale="10" precision="26" unsigned="false" nullable="true" comment="Base Discount Amount"/>
        <column xsi:type="decimal" name="base_to_order_rate" scale="10" precision="26" unsigned="false" nullable="true" comment="Base To Order Rate"/>
        <column xsi:type="decimal" name="grand_total" scale="10" precision="26" unsigned="false" nullable="true" comment="Grand Total"/>
        <column xsi:type="decimal" name="shipping_amount" scale="10" precision="26" unsigned="false" nullable="true" comment="Shipping Amount"/>
        <column xsi:type="decimal" name="subtotal_incl_tax" scale="10" precision="26" unsigned="false" nullable="true" comment="Subtotal Incl Tax"/>
        <column xsi:type="decimal" name="base_subtotal_incl_tax" scale="10" precision="26" unsigned="false" nullable="true" comment="Base Subtotal Incl Tax"/>
        <column xsi:type="decimal" name="store_to_base_rate" scale="10" precision="26" unsigned="false" nullable="true" comment="Store To Base Rate"/>
        <column xsi:type="decimal" name="base_shipping_amount" scale="10" precision="26" unsigned="false" nullable="true" comment="Base Shipping Amount"/>
        <column xsi:type="decimal" name="base_to_global_rate" scale="10" precision="26" unsigned="false" nullable="true" comment="Base To Global Rate"/>
        <column xsi:type="decimal" name="subtotal" scale="10" precision="26" unsigned="false" nullable="true" comment="Subtotal"/>
        <column xsi:type="decimal" name="base_subtotal" scale="10" precision="26" unsigned="false" nullable="true" comment="Base Subtotal"/>
        <column xsi:type="decimal" name="discount_amount" scale="10" precision="26" unsigned="false" nullable="true" comment="Discount Amount"/>
        <column xsi:type="varchar" name="store_currency_code" nullable="true" length="3" comment="Store Currency Code"/>
        <column xsi:type="varchar" name="order_currency_code" nullable="true" length="3" comment="Order Currency Code"/>
        <column xsi:type="varchar" name="base_currency_code" nullable="true" length="3" comment="Base Currency Code"/>
        <column xsi:type="varchar" name="global_currency_code" nullable="true" length="3" comment="Global Currency Code"/>
        <column xsi:type="decimal" name="discount_tax_compensation_amount" scale="10" precision="26" unsigned="false" nullable="true" comment="Discount Tax Compensation Amount"/>
        <column xsi:type="decimal" name="base_discount_tax_compensation_amount" scale="10" precision="26" unsigned="false" nullable="true" comment="Base Discount Tax Compensation Amount"/>
        <column xsi:type="decimal" name="shipping_discount_tax_compensation_amount" scale="10" precision="26" unsigned="false" nullable="true" comment="Shipping Discount Tax Compensation Amount"/>
        <column xsi:type="decimal" name="base_shipping_discount_tax_compensation_amnt" scale="10" precision="26" unsigned="false" nullable="true" comment="Base Shipping Discount Tax Compensation Amount"/>
        <column xsi:type="decimal" name="shipping_incl_tax" scale="10" precision="26" unsigned="false" nullable="true" comment="Shipping Incl Tax"/>
        <column xsi:type="decimal" name="base_shipping_incl_tax" scale="10" precision="26" unsigned="false" nullable="true" comment="Base Shipping Incl Tax"/>
        <column xsi:type="decimal" name="base_total_refunded" scale="10" precision="26" unsigned="false" nullable="true" comment="Base Total Refunded"/>
    </table>
    <table name="sales_invoice_grid" resource="sales" engine="innodb" comment="Sales Flat Invoice Grid">
        <column xsi:type="varchar" name="store_currency_code" nullable="true" length="3" comment="Store Currency Code"/>
        <column xsi:type="varchar" name="order_currency_code" nullable="true" length="3" comment="Order Currency Code"/>
        <column xsi:type="varchar" name="base_currency_code" nullable="true" length="3" comment="Base Currency Code"/>
        <column xsi:type="varchar" name="global_currency_code" nullable="true" length="3" comment="Global Currency Code"/>
        <column xsi:type="decimal" name="subtotal" scale="10" precision="26" unsigned="false" nullable="true" comment="Subtotal"/>
        <column xsi:type="decimal" name="shipping_and_handling" scale="10" precision="26" unsigned="false" nullable="true" comment="Shipping and handling amount"/>
        <column xsi:type="decimal" name="grand_total" scale="10" precision="26" unsigned="false" nullable="true" comment="Grand Total"/>
        <column xsi:type="decimal" name="base_grand_total" scale="10" precision="26" unsigned="false" nullable="true" comment="Base Grand Total"/>
    </table>
    <table name="sales_invoice_item" resource="sales" engine="innodb" comment="Sales Flat Invoice Item">
        <column xsi:type="decimal" name="base_price" scale="10" precision="26" unsigned="false" nullable="true" comment="Base Price"/>
        <column xsi:type="decimal" name="tax_amount" scale="10" precision="26" unsigned="false" nullable="true" comment="Tax Amount"/>
        <column xsi:type="decimal" name="base_row_total" scale="10" precision="26" unsigned="false" nullable="true" comment="Base Row Total"/>
        <column xsi:type="decimal" name="discount_amount" scale="10" precision="26" unsigned="false" nullable="true" comment="Discount Amount"/>
        <column xsi:type="decimal" name="row_total" scale="10" precision="26" unsigned="false" nullable="true" comment="Row Total"/>
        <column xsi:type="decimal" name="base_discount_amount" scale="10" precision="26" unsigned="false" nullable="true" comment="Base Discount Amount"/>
        <column xsi:type="decimal" name="price_incl_tax" scale="10" precision="26" unsigned="false" nullable="true" comment="Price Incl Tax"/>
        <column xsi:type="decimal" name="base_tax_amount" scale="10" precision="26" unsigned="false" nullable="true" comment="Base Tax Amount"/>
        <column xsi:type="decimal" name="base_price_incl_tax" scale="10" precision="26" unsigned="false" nullable="true" comment="Base Price Incl Tax"/>
        <column xsi:type="decimal" name="base_cost" scale="10" precision="26" unsigned="false" nullable="true" comment="Base Cost"/>
        <column xsi:type="decimal" name="price" scale="10" precision="26" unsigned="false" nullable="true" comment="Price"/>
        <column xsi:type="decimal" name="base_row_total_incl_tax" scale="10" precision="26" unsigned="false" nullable="true" comment="Base Row Total Incl Tax"/>
        <column xsi:type="decimal" name="row_total_incl_tax" scale="10" precision="26" unsigned="false" nullable="true" comment="Row Total Incl Tax"/>
        <column xsi:type="decimal" name="discount_tax_compensation_amount" scale="10" precision="26" unsigned="false" nullable="true" comment="Discount Tax Compensation Amount"/>
        <column xsi:type="decimal" name="base_discount_tax_compensation_amount" scale="10" precision="26" unsigned="false" nullable="true" comment="Base Discount Tax Compensation Amount"/>
    </table>
    <table name="sales_creditmemo" resource="sales" engine="innodb" comment="Sales Flat Creditmemo">
        <column xsi:type="decimal" name="adjustment_positive" scale="10" precision="26" unsigned="false" nullable="true" comment="Adjustment Positive"/>
        <column xsi:type="decimal" name="base_shipping_tax_amount" scale="10" precision="26" unsigned="false" nullable="true" comment="Base Shipping Tax Amount"/>
        <column xsi:type="decimal" name="store_to_order_rate" scale="10" precision="26" unsigned="false" nullable="true" comment="Store To Order Rate"/>
        <column xsi:type="decimal" name="base_discount_amount" scale="10" precision="26" unsigned="false" nullable="true" comment="Base Discount Amount"/>
        <column xsi:type="decimal" name="base_to_order_rate" scale="10" precision="26" unsigned="false" nullable="true" comment="Base To Order Rate"/>
        <column xsi:type="decimal" name="grand_total" scale="10" precision="26" unsigned="false" nullable="true" comment="Grand Total"/>
        <column xsi:type="decimal" name="base_adjustment_negative" scale="10" precision="26" unsigned="false" nullable="true" comment="Base Adjustment Negative"/>
        <column xsi:type="decimal" name="base_subtotal_incl_tax" scale="10" precision="26" unsigned="false" nullable="true" comment="Base Subtotal Incl Tax"/>
        <column xsi:type="decimal" name="shipping_amount" scale="10" precision="26" unsigned="false" nullable="true" comment="Shipping Amount"/>
        <column xsi:type="decimal" name="subtotal_incl_tax" scale="10" precision="26" unsigned="false" nullable="true" comment="Subtotal Incl Tax"/>
        <column xsi:type="decimal" name="adjustment_negative" scale="10" precision="26" unsigned="false" nullable="true" comment="Adjustment Negative"/>
        <column xsi:type="decimal" name="base_shipping_amount" scale="10" precision="26" unsigned="false" nullable="true" comment="Base Shipping Amount"/>
        <column xsi:type="decimal" name="store_to_base_rate" scale="10" precision="26" unsigned="false" nullable="true" comment="Store To Base Rate"/>
        <column xsi:type="decimal" name="base_to_global_rate" scale="10" precision="26" unsigned="false" nullable="true" comment="Base To Global Rate"/>
        <column xsi:type="decimal" name="base_adjustment" scale="10" precision="26" unsigned="false" nullable="true" comment="Base Adjustment"/>
        <column xsi:type="decimal" name="base_subtotal" scale="10" precision="26" unsigned="false" nullable="true" comment="Base Subtotal"/>
        <column xsi:type="decimal" name="discount_amount" scale="10" precision="26" unsigned="false" nullable="true" comment="Discount Amount"/>
        <column xsi:type="decimal" name="subtotal" scale="10" precision="26" unsigned="false" nullable="true" comment="Subtotal"/>
        <column xsi:type="decimal" name="adjustment" scale="10" precision="26" unsigned="false" nullable="true" comment="Adjustment"/>
        <column xsi:type="decimal" name="base_grand_total" scale="10" precision="26" unsigned="false" nullable="true" comment="Base Grand Total"/>
        <column xsi:type="decimal" name="base_adjustment_positive" scale="10" precision="26" unsigned="false" nullable="true" comment="Base Adjustment Positive"/>
        <column xsi:type="decimal" name="base_tax_amount" scale="10" precision="26" unsigned="false" nullable="true" comment="Base Tax Amount"/>
        <column xsi:type="decimal" name="shipping_tax_amount" scale="10" precision="26" unsigned="false" nullable="true" comment="Shipping Tax Amount"/>
        <column xsi:type="decimal" name="tax_amount" scale="10" precision="26" unsigned="false" nullable="true" comment="Tax Amount"/>
        <column xsi:type="varchar" name="store_currency_code" nullable="true" length="3" comment="Store Currency Code"/>
        <column xsi:type="varchar" name="order_currency_code" nullable="true" length="3" comment="Order Currency Code"/>
        <column xsi:type="varchar" name="base_currency_code" nullable="true" length="3" comment="Base Currency Code"/>
        <column xsi:type="varchar" name="global_currency_code" nullable="true" length="3" comment="Global Currency Code"/>
        <column xsi:type="decimal" name="discount_tax_compensation_amount" scale="10" precision="26" unsigned="false" nullable="true" comment="Discount Tax Compensation Amount"/>
        <column xsi:type="decimal" name="base_discount_tax_compensation_amount" scale="10" precision="26" unsigned="false" nullable="true" comment="Base Discount Tax Compensation Amount"/>
        <column xsi:type="decimal" name="shipping_discount_tax_compensation_amount" scale="10" precision="26" unsigned="false" nullable="true" comment="Shipping Discount Tax Compensation Amount"/>
        <column xsi:type="decimal" name="base_shipping_discount_tax_compensation_amnt" scale="10" precision="26" unsigned="false" nullable="true" comment="Base Shipping Discount Tax Compensation Amount"/>
        <column xsi:type="decimal" name="shipping_incl_tax" scale="10" precision="26" unsigned="false" nullable="true" comment="Shipping Incl Tax"/>
        <column xsi:type="decimal" name="base_shipping_incl_tax" scale="10" precision="26" unsigned="false" nullable="true" comment="Base Shipping Incl Tax"/>
    </table>
    <table name="sales_creditmemo_grid" resource="sales" engine="innodb" comment="Sales Flat Creditmemo Grid">
        <column xsi:type="decimal" name="base_grand_total" scale="10" precision="26" unsigned="false" nullable="true" comment="Base Grand Total"/>
        <column xsi:type="decimal" name="subtotal" scale="10" precision="26" unsigned="false" nullable="true" comment="Subtotal"/>
        <column xsi:type="decimal" name="shipping_and_handling" scale="10" precision="26" unsigned="false" nullable="true" comment="Shipping and handling amount"/>
        <column xsi:type="decimal" name="adjustment_positive" scale="10" precision="26" unsigned="false" nullable="true" comment="Adjustment Positive"/>
        <column xsi:type="decimal" name="adjustment_negative" scale="10" precision="26" unsigned="false" nullable="true" comment="Adjustment Negative"/>
        <column xsi:type="decimal" name="order_base_grand_total" scale="10" precision="26" unsigned="false" nullable="true" comment="Order Grand Total"/>
    </table>
    <table name="sales_creditmemo_item" resource="sales" engine="innodb" comment="Sales Flat Creditmemo Item">
        <column xsi:type="decimal" name="base_price" scale="10" precision="26" unsigned="false" nullable="true" comment="Base Price"/>
        <column xsi:type="decimal" name="tax_amount" scale="10" precision="26" unsigned="false" nullable="true" comment="Tax Amount"/>
        <column xsi:type="decimal" name="base_row_total" scale="10" precision="26" unsigned="false" nullable="true" comment="Base Row Total"/>
        <column xsi:type="decimal" name="discount_amount" scale="10" precision="26" unsigned="false" nullable="true" comment="Discount Amount"/>
        <column xsi:type="decimal" name="row_total" scale="10" precision="26" unsigned="false" nullable="true" comment="Row Total"/>
        <column xsi:type="decimal" name="base_discount_amount" scale="10" precision="26" unsigned="false" nullable="true" comment="Base Discount Amount"/>
        <column xsi:type="decimal" name="price_incl_tax" scale="10" precision="26" unsigned="false" nullable="true" comment="Price Incl Tax"/>
        <column xsi:type="decimal" name="base_tax_amount" scale="10" precision="26" unsigned="false" nullable="true" comment="Base Tax Amount"/>
        <column xsi:type="decimal" name="base_price_incl_tax" scale="10" precision="26" unsigned="false" nullable="true" comment="Base Price Incl Tax"/>
        <column xsi:type="decimal" name="base_cost" scale="10" precision="26" unsigned="false" nullable="true" comment="Base Cost"/>
        <column xsi:type="decimal" name="price" scale="10" precision="26" unsigned="false" nullable="true" comment="Price"/>
        <column xsi:type="decimal" name="base_row_total_incl_tax" scale="10" precision="26" unsigned="false" nullable="true" comment="Base Row Total Incl Tax"/>
        <column xsi:type="decimal" name="row_total_incl_tax" scale="10" precision="26" unsigned="false" nullable="true" comment="Row Total Incl Tax"/>
        <column xsi:type="decimal" name="discount_tax_compensation_amount" scale="10" precision="26" unsigned="false" nullable="true" comment="Discount Tax Compensation Amount"/>
        <column xsi:type="decimal" name="base_discount_tax_compensation_amount" scale="10" precision="26" unsigned="false" nullable="true" comment="Base Discount Tax Compensation Amount"/>
    </table>
    <table name="sales_invoiced_aggregated" resource="sales" engine="innodb" comment="Sales Invoiced Aggregated">
        <column xsi:type="decimal" name="orders_invoiced" scale="10" precision="26" unsigned="false" nullable="true" comment="Orders Invoiced"/>
        <column xsi:type="decimal" name="invoiced" scale="10" precision="26" unsigned="false" nullable="true" comment="Invoiced"/>
        <column xsi:type="decimal" name="invoiced_captured" scale="10" precision="26" unsigned="false" nullable="true" comment="Invoiced Captured"/>
        <column xsi:type="decimal" name="invoiced_not_captured" scale="10" precision="26" unsigned="false" nullable="true" comment="Invoiced Not Captured"/>
    </table>
    <table name="sales_invoiced_aggregated_order" resource="sales" engine="innodb" comment="Sales Invoiced Aggregated Order">
        <column xsi:type="decimal" name="orders_invoiced" scale="10" precision="26" unsigned="false" nullable="true" comment="Orders Invoiced"/>
        <column xsi:type="decimal" name="invoiced" scale="10" precision="26" unsigned="false" nullable="true" comment="Invoiced"/>
        <column xsi:type="decimal" name="invoiced_captured" scale="10" precision="26" unsigned="false" nullable="true" comment="Invoiced Captured"/>
        <column xsi:type="decimal" name="invoiced_not_captured" scale="10" precision="26" unsigned="false" nullable="true" comment="Invoiced Not Captured"/>
    </table>
    <table name="sales_order_aggregated_created" resource="sales" engine="innodb" comment="Sales Order Aggregated Created">
        <column xsi:type="decimal" name="total_income_amount" scale="10" precision="26" unsigned="false" nullable="false" default="0" comment="Total Income Amount"/>
        <column xsi:type="decimal" name="total_revenue_amount" scale="10" precision="26" unsigned="false" nullable="false" default="0" comment="Total Revenue Amount"/>
        <column xsi:type="decimal" name="total_profit_amount" scale="10" precision="26" unsigned="false" nullable="false" default="0" comment="Total Profit Amount"/>
        <column xsi:type="decimal" name="total_invoiced_amount" scale="10" precision="26" unsigned="false" nullable="false" default="0" comment="Total Invoiced Amount"/>
        <column xsi:type="decimal" name="total_canceled_amount" scale="10" precision="26" unsigned="false" nullable="false" default="0" comment="Total Canceled Amount"/>
        <column xsi:type="decimal" name="total_paid_amount" scale="10" precision="26" unsigned="false" nullable="false" default="0" comment="Total Paid Amount"/>
        <column xsi:type="decimal" name="total_refunded_amount" scale="10" precision="26" unsigned="false" nullable="false" default="0" comment="Total Refunded Amount"/>
        <column xsi:type="decimal" name="total_tax_amount" scale="10" precision="26" unsigned="false" nullable="false" default="0" comment="Total Tax Amount"/>
        <column xsi:type="decimal" name="total_tax_amount_actual" scale="10" precision="26" unsigned="false" nullable="false" default="0" comment="Total Tax Amount Actual"/>
        <column xsi:type="decimal" name="total_shipping_amount" scale="10" precision="26" unsigned="false" nullable="false" default="0" comment="Total Shipping Amount"/>
        <column xsi:type="decimal" name="total_shipping_amount_actual" scale="10" precision="26" unsigned="false" nullable="false" default="0" comment="Total Shipping Amount Actual"/>
        <column xsi:type="decimal" name="total_discount_amount" scale="10" precision="26" unsigned="false" nullable="false" default="0" comment="Total Discount Amount"/>
        <column xsi:type="decimal" name="total_discount_amount_actual" scale="10" precision="26" unsigned="false" nullable="false" default="0" comment="Total Discount Amount Actual"/>
    </table>
    <table name="sales_order_aggregated_updated" resource="sales" engine="innodb" comment="Sales Order Aggregated Updated">
        <column xsi:type="decimal" name="total_income_amount" scale="10" precision="26" unsigned="false" nullable="false" default="0" comment="Total Income Amount"/>
        <column xsi:type="decimal" name="total_revenue_amount" scale="10" precision="26" unsigned="false" nullable="false" default="0" comment="Total Revenue Amount"/>
        <column xsi:type="decimal" name="total_profit_amount" scale="10" precision="26" unsigned="false" nullable="false" default="0" comment="Total Profit Amount"/>
        <column xsi:type="decimal" name="total_invoiced_amount" scale="10" precision="26" unsigned="false" nullable="false" default="0" comment="Total Invoiced Amount"/>
        <column xsi:type="decimal" name="total_canceled_amount" scale="10" precision="26" unsigned="false" nullable="false" default="0" comment="Total Canceled Amount"/>
        <column xsi:type="decimal" name="total_paid_amount" scale="10" precision="26" unsigned="false" nullable="false" default="0" comment="Total Paid Amount"/>
        <column xsi:type="decimal" name="total_refunded_amount" scale="10" precision="26" unsigned="false" nullable="false" default="0" comment="Total Refunded Amount"/>
        <column xsi:type="decimal" name="total_tax_amount" scale="10" precision="26" unsigned="false" nullable="false" default="0" comment="Total Tax Amount"/>
        <column xsi:type="decimal" name="total_tax_amount_actual" scale="10" precision="26" unsigned="false" nullable="false" default="0" comment="Total Tax Amount Actual"/>
        <column xsi:type="decimal" name="total_shipping_amount" scale="10" precision="26" unsigned="false" nullable="false" default="0" comment="Total Shipping Amount"/>
        <column xsi:type="decimal" name="total_shipping_amount_actual" scale="10" precision="26" unsigned="false" nullable="false" default="0" comment="Total Shipping Amount Actual"/>
        <column xsi:type="decimal" name="total_discount_amount" scale="10" precision="26" unsigned="false" nullable="false" default="0" comment="Total Discount Amount"/>
        <column xsi:type="decimal" name="total_discount_amount_actual" scale="10" precision="26" unsigned="false" nullable="false" default="0" comment="Total Discount Amount Actual"/>
    </table>
    <table name="sales_refunded_aggregated" resource="sales" engine="innodb" comment="Sales Refunded Aggregated">
        <column xsi:type="decimal" name="refunded" scale="10" precision="26" unsigned="false" nullable="true" comment="Refunded"/>
        <column xsi:type="decimal" name="online_refunded" scale="10" precision="26" unsigned="false" nullable="true" comment="Online Refunded"/>
        <column xsi:type="decimal" name="offline_refunded" scale="10" precision="26" unsigned="false" nullable="true" comment="Offline Refunded"/>
    </table>
    <table name="sales_refunded_aggregated_order" resource="sales" engine="innodb" comment="Sales Refunded Aggregated Order">
        <column xsi:type="decimal" name="refunded" scale="10" precision="26" unsigned="false" nullable="true" comment="Refunded"/>
        <column xsi:type="decimal" name="online_refunded" scale="10" precision="26" unsigned="false" nullable="true" comment="Online Refunded"/>
        <column xsi:type="decimal" name="offline_refunded" scale="10" precision="26" unsigned="false" nullable="true" comment="Offline Refunded"/>
    </table>
    <table name="sales_shipping_aggregated" resource="sales" engine="innodb" comment="Sales Shipping Aggregated">
        <column xsi:type="decimal" name="total_shipping" scale="10" precision="26" unsigned="false" nullable="true" comment="Total Shipping"/>
        <column xsi:type="decimal" name="total_shipping_actual" scale="10" precision="26" unsigned="false" nullable="true" comment="Total Shipping Actual"/>
    </table>
    <table name="sales_shipping_aggregated_order" resource="sales" engine="innodb" comment="Sales Shipping Aggregated Order">
        <column xsi:type="decimal" name="total_shipping" scale="10" precision="26" unsigned="false" nullable="true" comment="Total Shipping"/>
        <column xsi:type="decimal" name="total_shipping_actual" scale="10" precision="26" unsigned="false" nullable="true" comment="Total Shipping Actual"/>
    </table>
    <table name="sales_bestsellers_aggregated_daily" resource="sales" engine="innodb" comment="Sales Bestsellers Aggregated Daily">
        <column xsi:type="decimal" name="product_price" scale="10" precision="26" unsigned="false" nullable="false" default="0" comment="Product Price"/>
    </table>
    <table name="sales_bestsellers_aggregated_monthly" resource="sales" engine="innodb" comment="Sales Bestsellers Aggregated Monthly">
        <column xsi:type="decimal" name="product_price" scale="10" precision="26" unsigned="false" nullable="false" default="0" comment="Product Price"/>
    </table>
    <table name="sales_bestsellers_aggregated_yearly" resource="sales" engine="innodb" comment="Sales Bestsellers Aggregated Yearly">
        <column xsi:type="decimal" name="product_price" scale="10" precision="26" unsigned="false" nullable="false" default="0" comment="Product Price"/>
    </table>
    <table name="sales_order_tax" resource="sales" engine="innodb" comment="Sales Order Tax Table">
        <column xsi:type="decimal" name="percent" scale="10" precision="26" unsigned="false" nullable="true" comment="Percent"/>
        <column xsi:type="decimal" name="amount" scale="10" precision="26" unsigned="false" nullable="true" comment="Amount"/>
        <column xsi:type="decimal" name="base_amount" scale="10" precision="26" unsigned="false" nullable="true" comment="Base Amount"/>
        <column xsi:type="decimal" name="base_real_amount" scale="10" precision="26" unsigned="false" nullable="true" comment="Base Real Amount"/>
    </table>
    <table name="sales_order_tax_item" resource="sales" engine="innodb" comment="Sales Order Tax Item">
        <column xsi:type="decimal" name="tax_percent" scale="10" precision="26" unsigned="false" nullable="false" comment="Real Tax Percent For Item"/>
        <column xsi:type="decimal" name="amount" scale="10" precision="26" unsigned="false" nullable="false" comment="Tax amount for the item and tax rate"/>
        <column xsi:type="decimal" name="base_amount" scale="10" precision="26" unsigned="false" nullable="false" comment="Base tax amount for the item and tax rate"/>
        <column xsi:type="decimal" name="real_amount" scale="10" precision="26" unsigned="false" nullable="false" comment="Real tax amount for the item and tax rate"/>
        <column xsi:type="decimal" name="real_base_amount" scale="10" precision="26" unsigned="false" nullable="false" comment="Real base tax amount for the item and tax rate"/>
    </table>

</schema>
